Week,sd_log10,mult_scatter
1,0.030181816,1.071967986
2,0.170409439,1.4805035
3,0.048572865,1.118337441
4,0.070435127,1.176075294