"","Variable","Sum_squares","Total_variance","Percent_Variance"
"1","Date",4370507122254.02,14679013780224,29.7738471241311
"2","Leaf",643165467893.05,14679013780224,4.38153051371573
"3","Plant",2864328962832.63,14679013780224,19.5130885883597
"4","Residual Variance",6801012227244.28,14679013780224,46.3315337737935
